Node,Name
76561198150936654,Lord Lucus
76561197970285970,Jadawins
76561197970638853,Seb2063
76561197970932326,philzegore
76561197980353254,qaylIS
76561197984478904,Megafister
76561197987531644,ChaosAndi88
76561197990574836,Binouzator
76561197992017052,LinKx #Ppr`
76561197993830437,*dom_le_goth*
76561197993998241,Pampy
76561197995402621,SmokedSalmon
76561197999611319,Bibiyoyo
76561198001213127,Mosselito
76561198002933937,Katchou
76561198006442077,Tatsumura
76561198015213471,Räksticka
76561198028794646,Ryder104
76561198053817238,Oust_
76561198062208629,Folster
76561198063322796,Fox13440
76561198073565805,Cybninja
76561198073958434,valery
76561198079862928,Skyline_Twitch
76561198090001577,Jeremy
76561198091260481,Ken Kaneki (金木 研)
76561198092608168,SeaQFR
76561198093541812,Jeanmouloude
76561198096055227,Xaphir
76561198098225915,Falaxir
76561198100891081,FoxingwooD
76561198101442496,Sowaldine
76561198105547869,Donald713
76561198110327910,Coprin
76561198110682112,Kaoliane
76561198118007599,Gunter The MF Penguin
76561198118038008,Toerana
76561198120924433,reelok23
76561198130617810,Master Pipot
76561198141758446,redquarry
76561198147117586,jemelatouche
76561198148911659,Hugo Rossi
76561198149581135,Tondeuse-Gason / FireBlast
76561198153962263,aka
76561198154278132,Dina
76561198155210019,AuRora7283
76561198155646622,Marsukilll
76561198157978765,Vlad Telm
76561198158336964,Tezuki
76561198164019384,BongoSaurusREX
76561198165799492,Ramzer
76561198169146393,Saikyo
76561198169217949,Tocardhino
76561198170427425,Salkon
76561198176163221,Jah_Lun
76561198176328746,AliExpress Peek
76561198178967034,SirGrey54
76561198179407783,hakkai94
76561198182211806,Apwaal
76561198182932347,[ACMX]Lézard Futé
76561198183146629,Vanzeo
76561198183452275,TomH13
76561198184609047,FoxAhri
76561198189601769,Masatov
76561198190808378,Mints
76561198195506930,Hermanos
76561198197988887,Filet De Mailhes
76561198202929170,Meca
76561198207644604,Rexrageur
76561198218808319,Brisemonde
76561198249923062,mohamed couscous
76561198253523506,Luwan
76561198254949372,Tarborar
76561198258582217,Terga
76561198259380892,C'EST NULLLLLLLLLLL
76561198262216675,iDrastex
76561198262289458,Scar
76561198264966592,DrakNgu
76561198266673756,Lagniss
76561198267226874,Dominic Bouretto
76561198267849389,Nexus67
76561198277702377,mr president
76561198284248176,AlexM19
76561198285280246,HellTank
76561198294319901,Tamikata
76561198295517454,ShireXela
76561198306547342,Varfarrog
76561198308530335,Stalinorynque
76561198309091350,Divine Prophet
76561198314205358,EL Pandito
76561198315825111,Black Ihor
76561198324186985,Sop
76561198326935682,ELmomo
76561198337206518,DrakN
76561198338829487,cyrilou
76561198347578933,AsupertalentedNoob
76561198353681472,klxh
76561198356000195,Majeuh
76561198356945383,Purback
76561198359404593,Jewelzz2508
76561198360181261,
76561198364100256,
76561198366280798,
76561198370230602,
76561198376633395,
76561198387334108,
76561198396733919,
76561198401598911,
76561198418873529,
76561198419986988,
76561198420182939,
76561198439331489,
76561198799477870,
76561198800547447,
76561198800759738,
76561198810580577,
76561198811600845,
76561198816755588,
76561198823895666,
76561198825240127,
76561198836932525,
76561198871702019,
76561198880328150,
76561198880850955,
76561198919576012,
76561198968395348,
76561198973211561,
76561198978803287,
76561199016686774,
76561199024990212,
76561199033555805,
76561199042424323,
76561199045468406,
76561199066585397,
76561199074824626,
76561199394958457,
76561199555328977,
